Response,Funny_Count,Funny_Percentage,NotFunny_Count,NotFunny_Percentage
Strongly Agree,91.0,11.757105943152455,9.0,0.39491004826678366
Agree,472.0,60.98191214470285,125.0,5.484861781483106
Neutral,151.0,19.509043927648577,231.0,10.136024572180782
Disagree,22.0,2.842377260981912,290.0,12.724879333040807
Strongly Disagree,38.0,4.909560723514212,1624.0,71.25932426502852
Total,774.0,100.0,2279.0,100.0
SA/SD Ratio,2.3947368421052633,,0.005541871921182266,
